name,citedby,citedby5y,hindex,hindex5y,i10index,i10index5y
Luigi Colombo,59554,30966,75,48,208,108
Gregory Dess,59010,20645,57,44,91,68
Mike W. Peng,57713,27347,93,77,168,147
Michael Q. Zhang,57020,23157,102,67,337,235
Michael D. Rugg,49102,12728,116,59,277,213
Robert M. Wallace,48447,21678,94,65,355,212
Yves Jean Chabal,44857,14723,108,60,409,230
Mark Spong,44638,12495,85,47,218,131
Todd Sandler,44163,13012,105,63,282,189
Denise Park,42975,19167,99,63,237,171
Hervé Abdi,39067,20227,88,59,205,151
Robert J Stern,36128,18333,98,65,301,252
Brian J.L.Berry,34087,5686,78,34,192,94
Jeremy R. Gray,32489,17917,54,44,75,64
Alain Bensoussan,28981,8271,67,39,237,118
Orlando Auciello,24570,4613,73,33,277,96
John Hansen,24490,8853,70,38,409,215
Eric W. K. Tsang,24459,10366,58,47,96,80
Vladimir Gevorgyan,22652,8768,82,51,195,143
John Ferraris,22169,6222,74,39,181,92
Aage R. Moller,21168,3513,85,31,260,95
Ding-Zhu Du,20383,6104,65,36,266,115
Zhenyu Xuan,19971,9119,42,32,62,47
Massimo V Fischetti,18381,3565,62,31,166,76
Philip Loizou (Memorial),16704,5909,53,31,98,60
Daniel Griffith,16280,6119,62,39,190,123
kenneth Balkus,16268,5877,59,36,209,97
"Naofal Aldhahir,IEEE Fellow,Fellow National Academy of Inventors",16035,6735,57,36,242,151
Bhavani Thuraisingham,16013,6098,65,40,264,134
g mcmechan,15873,5054,64,37,241,116
Reza Moheimani,15679,5496,64,36,210,128
Steven L. Small,15368,5097,64,39,156,101
Karen M. Rodrigue,15234,7901,49,40,77,72
Aria Nosratinia,14571,2761,43,20,115,58
Murat Kantarcioglu,14354,6858,57,42,173,132
Jung-whan Kim,13698,6738,33,30,44,38
Tae Hoon Kim,13324,4262,28,24,33,31
Andrian Marcus,13214,5483,58,41,111,85
Stan J Liebowitz,13029,2341,39,21,58,33
Latifur Khan,13001,6106,62,39,197,125
Bart Rypma,12727,4322,40,32,74,62
Alice J. O'Toole,12578,4351,57,39,112,81
Roger F. Malina,12287,2149,53,21,133,38
Mengxiao Yu,12113,5730,48,42,63,60
Jason Jue,11825,3304,45,22,147,48
Jinguo Wang,11552,5041,57,40,113,84
vikram nanda,11395,4614,42,33,91,57
Kristen M. Kennedy,11326,5673,45,37,68,65
Carlos Busso,11305,8007,47,39,128,111
Brian Ratchford,11240,3145,47,32,83,59
Riki Takeuchi,11046,6160,34,32,43,40
Babak Fahimi,11013,5159,52,37,176,98
Lawrence Chung,10883,2324,38,18,88,37
Michael Kilgard,10827,5632,53,42,126,110
Nasser Kehtarnavaz,10745,6077,51,32,190,102
Jiyoung Kim,10275,5517,54,39,163,108
Weili (Lily)  Wu,10220,4646,47,32,203,122
W. Eric Wong,10147,4341,50,30,133,79
Chandramallika Basak,9945,5578,27,23,35,32
Theodore Price,9942,6717,55,46,144,136
Gagan Wig,9676,6201,28,24,36,33
Tien N. Nguyen,9647,6080,50,40,154,111
Shaojie Tang,9605,5944,47,39,176,128
Sanda M. Harabagiu,9553,2525,48,25,114,57
Dong Qian,9307,4974,45,33,93,77
Suresh Radhakrishnan,9268,4880,31,25,57,41
Ashiq Ali,8882,3278,27,21,37,28
Vincent Ng,8814,4694,50,37,106,87
Ravi Prakash,8700,1337,39,18,67,28
Walter Jay Dowling,8675,1509,38,23,62,36
Stuart Cogan,8390,3778,45,30,103,56
Fan Zhang,7934,5777,44,39,72,68
John Geissman,7893,2389,46,25,157,66
Ana Solodkin,7878,2894,43,30,61,49
Hongbing Lu,7839,3958,46,32,114,88
Greg Dussor,7832,5422,48,42,94,90
Yu Xiang,7810,7192,30,27,36,33
Patrick Winter,7688,1530,41,22,62,45
Chuanwei Zhang,7637,4206,46,33,107,82
Ali E. Aliev,7584,3610,31,24,55,43
Amy Pinkham,7549,4840,42,38,92,88
Joshua D. Summers,7535,3984,41,29,201,116
Toyah Miller,7400,5098,20,17,21,20
Elena Katok,7379,3028,37,27,58,45
Noah Sasson,7323,4800,38,38,57,56
Srinivasan Raghunathan,7284,3211,39,30,66,52
Pradipta Ray,7280,6011,21,20,30,27
Huseyin Cavusoglu,7276,3983,32,25,51,42
Julia L Evans,7167,2914,42,27,66,51
Stephen Spiro,7119,1483,45,21,75,43
Anton Malko,7077,2598,33,24,62,47
Gopal Gupta,7044,1819,38,21,137,41
Sumit K. Majumdar,6906,2186,36,20,80,33
Manuel Quevedo-lopez,6885,3408,43,27,173,93
Donggyu Sul,6843,3265,27,20,33,27
Seung M. You,6834,2684,39,27,78,55
Mihaela C. Stefan,6816,2820,37,28,92,67
Hlaing Minn,6704,1892,37,19,94,39
Joseph Pancrazio,6604,2378,44,28,114,64
Poras T. Balsara,6503,1945,35,19,86,41
Francesca Mapua Filbey,6372,3435,39,32,78,68
lawrence j reitzer,6314,1322,34,20,45,28
David Schmidtke,6304,2083,31,23,49,43
Mario A. Rotea,6106,2033,31,23,79,43
Lunjin Chen,6060,3952,42,37,101,100
Ill Ryu,6052,3493,16,14,18,17
Yiorgos Makris,5929,3165,36,24,128,74
Jason Slinker,5877,2372,35,26,50,45
Mehrdad Nourani,5813,2531,42,25,131,61
William Manton,5798,1378,42,21,69,32
Zhiang (John) Lin,5676,2358,31,17,41,24
David John Lary,5657,2210,34,20,80,49
Yapeng Tian,5621,5613,16,16,17,17
Jeong Bong (JB) Lee,5545,2171,35,25,96,43
Juan E. González,5431,1649,28,22,32,28
Oh Jiyoung,5372,3173,23,16,28,20
David Hyndman,5208,3015,41,30,87,71
Anne van Kleeck,5206,1422,35,18,53,32
Jiyoung Park,5193,4024,22,21,30,28
Jieying Zhang,5120,3732,17,14,23,19
Jie Zhang,5103,4149,40,38,101,87
Carter Haines,5044,4103,24,23,27,27
Chadwin D. Young,5020,1741,40,21,122,46
Bilal Akin,5010,3589,41,33,105,93
susan jerger,5007,972,39,14,81,26
Hasan Pirkul,4930,803,35,15,59,19
Seung-Hyun Lee,4832,2686,31,27,42,40
Bing Lv,4822,2187,30,21,56,34
Shalini Prasad,4811,3246,34,28,105,81
Shengwang Du,4751,2710,39,30,78,60
Daniel C. Krawczyk,4747,2523,31,26,48,44
Kelli Palmer,4658,2898,33,29,51,49
G Andrés Cisneros,4583,2839,34,24,71,56
Golden Kumar,4517,2337,31,24,56,44
Micaela Y. Chan,4507,3324,13,13,17,14
Walter Voit,4504,3466,32,30,64,61
Fang Qiu,4458,2482,39,27,83,69
Lucien Tres Thompson,4429,941,27,16,39,22
William Vandenberghe,4428,2963,31,25,61,52
Jeremiah J Gassensmith,4413,2906,31,25,51,46
Colleen Le Prell,4293,2687,36,29,64,54
andrea fumagalli,4242,847,29,13,100,19
Robert Kieschnick,4234,2035,24,17,34,21
Yulia R. Gel,4226,3179,28,25,62,53
Thomas Brunell,4206,1379,28,17,44,24
Li Zhang,4167,1410,38,20,57,36
Cuili QIAN,4146,3438,12,12,13,12
Bruce A. Jacobs,4102,1661,26,22,36,29
Mustapha Ishak,4058,2122,34,22,56,46
J. Richard Harrison,4014,1170,20,13,26,15
Shashank R. Sirsi,4002,1906,28,21,39,33
Ted Moise,3977,933,34,14,83,26
R Rao,3937,1037,28,16,42,27
John Worrall,3930,1849,36,25,71,48
Christa McIntyre,3911,1859,29,23,43,42
Kang Zhang,3903,1350,33,19,110,42
Surya Janakiraman,3803,1593,12,10,14,10
Prabhakaran Balakrishnan,3793,1315,32,18,95,36
Jeff Weekley,3775,1306,26,19,29,23
Monica Jung de Andrade,3686,2772,27,22,38,31
Kenneth Hoyt,3585,2140,33,29,72,59
Dr. Kui Tan,3569,3112,28,28,44,43
Kurt Beron,3558,1345,25,19,33,23
P. C. Dave P. Dingal,3556,2637,14,14,15,14
Majid Minary,3544,2498,30,28,57,55
Lakshman Tamil,3544,1132,29,19,57,27
Sriraam Natarajan,3533,2308,30,25,77,63
Ronald A. Smaldone,3525,2445,26,23,40,37
Stefano Leonardi,3487,2242,27,25,48,38
Seth Hays,3446,2800,29,28,51,50
Mihaela C. Stefan,3433,1996,32,23,74,57
Kaloyan Penev,3430,2600,38,33,77,76
Prof David Lumley,3402,1292,27,18,53,33
Sanjay Jain,3400,1545,19,17,23,19
Robert Lowry,3393,796,20,13,22,14
Sheel Dodani,3358,2159,18,15,19,18
Robert A. Ackerman,3348,2524,25,24,33,32
Sumit Sarkar,3324,1043,29,20,48,27
Hoi Lee,3312,1452,29,21,58,40
Sven Kroener,3305,1569,30,25,38,32
Linda Camp Keith,3297,1110,19,15,25,17
Yifei Lou,3268,2130,27,24,47,43
Lisa Goffman,3236,1236,30,20,44,34
Feng Chen,3226,2617,27,24,65,59
Melanie Spence,3219,753,21,11,25,12
Livia Markoczy,3172,1182,27,18,36,22
Vijay Mookerjee,3150,1585,34,22,73,48
Robert G Morris,3101,2017,30,26,59,49
Faruck Morcos,3099,2136,20,19,37,31
Yuke Wang,3029,689,24,14,43,14
Jeffrey S Spence,2959,2068,27,24,50,40
Karen J Prager,2956,712,20,11,26,11
CD Cantrell,2936,355,29,8,61,5
Tyler Summers,2909,2272,27,25,61,57
Carlos Aiken,2885,748,26,14,43,15
M Josefina Arellano-Jimenez,2879,2581,20,17,28,24
Dung T Huynh,2870,457,22,10,40,11
Umit G. Gurun,2731,2095,20,19,29,25
William Katz,2677,594,28,15,42,21
Richard M. Golden,2672,783,24,12,44,19
Michael C. Biewer,2665,1426,31,21,62,43
Patrick Brandt,2648,1296,23,20,30,27
Matthew Goeckner,2624,699,29,13,59,14
Bill Hefley,2612,619,24,14,38,19
L. Douglas  Kiel,2600,550,22,11,28,14
Paul Martin Lester,2599,846,18,12,28,13
Justin Ruths,2591,2088,26,22,41,38
Yuan Zhang,2564,1370,14,12,16,13
Ramachandran Natarajan,2561,1140,16,13,20,14
Stacie L. Warren,2544,1399,22,19,25,24
Leonidas Bleris,2519,1198,25,19,41,28
Guoping Xiong,2457,1970,25,23,34,32
Mandy J Maguire,2454,1150,25,20,43,32
Meghan R Swanson,2399,2229,19,18,29,24
Jianqing Chen,2396,1598,22,17,25,23
Hengji Zhang,2377,1521,12,11,12,11
Wei Yang,2349,1928,19,19,24,24
marco atzori,2341,1011,25,18,42,25
Don Shaw,2319,124,25,7,37,6
Tomislav Kovandzic,2314,1103,27,23,32,28
Murat Torlak,2301,1357,20,14,38,20
Gil Sadka,2230,1020,18,14,27,16
D. Todd Griffith,2226,1232,25,19,73,40
Vibhav Gogate,2206,1094,26,18,45,36
Daniel Arce,2202,819,23,17,43,22
Purna Joshi,2198,1141,14,12,14,12
Yonas Tadesse,2196,1547,26,22,51,44
Seth H. Giertz,2188,1074,12,8,13,5
Mihai Nadin,2187,860,24,16,52,31
Allison Stelling,2185,1625,30,28,40,38
Lloyd Lumata,2129,1362,24,20,36,32
Stanimir Markov,2123,1341,18,17,20,19
Xianming Dai,2120,1853,20,19,24,23
Issa Panahi,2106,1090,21,15,56,28
Xiaojia Zhang,2067,1772,25,24,51,51
Jun Xia,2062,1471,21,18,26,24
Jiyong Lee,2061,914,16,12,22,15
Peter Lewin,2047,809,25,16,44,24
Tevfik Dalgic,2045,838,21,12,28,15
Dinesh Bhatia,2040,503,24,10,49,11
P. C.  Anderson,2015,629,23,14,37,19
Rishabh Iyer,2001,1626,23,21,30,29
Yue Zhou,1996,1788,27,25,41,40
Pamela Rollins,1990,679,19,14,24,17
Zhenpeng Qin,1978,1534,18,18,22,22
Hyun-Joo Nam,1976,852,20,17,24,18
Dmitrii Rachinskii,1973,976,24,18,61,36
Janos Turi,1969,514,24,11,45,16
Jackie A. Nelson,1966,1375,22,20,30,29
Candice Mills,1960,1296,22,19,31,27
Vidroha Debroy,1946,1213,18,16,24,19
Xiaohu Guo,1936,879,25,17,53,33
Sergey Bereg,1880,686,23,14,59,20
Kamran Kiasaleh,1880,738,20,13,42,20
Michael Kolodrubetz,1870,1542,20,16,25,23
Sheryl Skaggs,1870,933,16,12,22,13
Michael D. Burton,1842,1636,24,23,39,38
Frederick Turner,1839,374,20,10,30,11
Danieli C Rodrigues,1833,1417,22,21,45,38
Luis Felipe Feres Pereira,1819,620,21,14,49,22
Anthony Champagne,1811,244,25,9,38,7
Fabiano S Rodrigues,1771,917,24,18,43,30
Min Chen,1764,1068,18,15,25,19
Yuzhi Gao,1762,1288,10,9,10,8
Rodrigo A. Bernal,1757,1100,19,18,20,20
J.M. Coleman,1752,122,17,6,17,3
Yongwan Chun,1743,1292,22,21,40,37
Ganesh Janakiraman,1736,1000,22,19,41,35
Jin Liu,1732,528,20,12,31,14
"Luo, Huiyang",1730,988,24,19,40,33
Sue Minkoff,1730,690,19,12,27,15
Kyle M. McCall,1720,1683,17,17,24,24
John Zweck,1710,477,17,8,33,6
Giacomo Valerio Iungo,1710,1383,23,21,36,35
Dmitri Kuksov,1705,903,17,15,20,19
Hejun Zhu (祝贺君),1698,1325,21,21,36,34
Eric Mattson,1667,906,20,17,31,27
Benedict Kolber,1664,1002,20,17,32,30
Shuang Hao,1644,1364,21,20,28,27
Jacopo Ferruzzi,1621,1262,18,18,22,22
Dong Li,1604,562,14,9,18,8
Dorothee Honhon,1602,1188,15,15,19,16
Ben Niu,1592,571,13,12,14,13
Alejandro Zentner,1578,589,14,13,18,17
Robert W. Taylor,1564,459,14,8,16,8
Ruizhi Gao,1562,1339,12,12,13,12
Marco Tacca,1546,343,20,9,41,6
Chenxi Zhang,1533,1414,15,15,16,16
Nanda Kumar,1532,649,15,13,15,14
Jonathan Riley,1523,1008,10,10,10,10
Dohyeong Kim,1513,894,19,17,32,30
Jiuke Mu,1494,1441,16,16,16,16
John F Ferguson,1488,295,19,10,32,10
Haihang Ye,1427,1284,21,18,25,24
Kristin S. Miller,1401,944,20,18,26,24
Ying Xie,1400,862,14,12,16,15
Clint Peinhardt,1394,783,11,10,13,11
Benjamin Carrion Schafer,1393,1114,19,17,33,27
Kanad Basu (কণাদ বসু),1388,1020,18,17,30,28
Junjie Li,1376,700,20,13,30,17
Angela M. Lee,1372,1020,15,14,20,17
Caroline N. Jones,1357,680,19,13,23,19
Karen Mazidi,1352,511,10,9,11,8
Yihao Li,1350,1136,6,5,3,3
Nurcan Yuruk,1349,604,7,5,5,5
Hussnain Ali,1347,1151,12,10,15,10
Victor D. Varner,1337,1032,18,16,23,19
Yuxuan Wang,1328,829,16,14,19,17
Xuhui Ning,1327,1073,10,10,10,10
Yichen Ding,1317,1150,19,19,30,27
William Anderson,1311,1153,20,19,30,29
Anish Nair,1309,491,4,3,2,1
Christopher L. Frewin,1274,764,20,16,34,24
Jun Li,1270,985,10,10,10,10
Hyuntae YOO,1264,483,10,8,10,7
M Saquib,1252,427,18,9,32,8
Zeshan Ahmad,1251,1055,14,13,20,16
Rym Zalila Wenkstern (Mili),1247,225,16,9,30,9
Amit Mehra,1224,920,12,12,12,12
Chen Li,1224,1025,18,16,24,24
Kaveh Shamsi,1194,1156,17,16,21,21
kangkook Jee,1172,986,12,12,13,13
Murray J Leaf,1162,218,16,8,23,8
Heidi Kane,1155,802,15,14,19,16
Haemin Dennis Park,1154,983,16,16,21,20
Mona Ghassemi,1153,1099,20,20,37,33
Rui Zhang,1148,1100,8,8,8,8
Crystal Engineer,1137,734,20,17,25,22
Shun-Chen Niu,1134,269,18,9,21,9
Mohammad Fathi,1101,931,4,4,4,4
Han Xia,1094,756,9,8,9,8
Michael Borland,1094,687,14,12,14,12
Ross Haroldson,1092,1078,13,13,13,13
Ghanshyamsinh Gohil,1084,879,17,16,29,27
Girgis Obaid,1074,983,13,13,15,15
"Katherine G. Brown, Ph.D.",1074,388,12,8,12,6
"Millie Rincón-Cortés, PhD",1068,900,15,15,16,16
Junfeng Wu,1064,998,9,9,9,9
Xuemin Wang,1059,1004,9,9,8,8
Dustin Simon,1048,686,13,12,13,13
Xinya Du,1043,1042,9,9,9,9
Feng Zhao,1042,375,9,9,9,9
Julia Bykova,1034,858,11,10,11,11
heather hayenga,1029,646,16,13,18,15
Jorge Cobb,1018,157,18,7,32,5
Yaoyu Li,1014,365,9,8,9,8
Ishwarya Sankaranarayanan,1002,951,14,14,15,15
Rongchun Ge,997,826,12,11,17,14
Timothy Bray,991,322,4,3,3,3
Zhong Zhou,988,727,13,11,21,14
Haim Schweitzer,987,229,15,8,19,7
Charles Bambach,982,365,10,5,10,4
Berrak Sisman,981,980,17,17,28,28
Mohsen Yarmohammadi,976,938,20,19,41,38
Chandan Karadagur Ananda Reddy,976,972,14,14,17,17
Daniel R Hulsey,971,832,10,10,10,10
Jean francois Veyan,952,622,15,13,22,17
Joseph S. Friedman,947,850,18,17,28,25
Chen Luxi,931,654,10,10,11,11
farid khafizov,929,131,15,7,19,4
Wei-Che Tseng,900,309,15,10,15,10
Amelia J. (McFarland) Balmain,886,800,14,13,15,14
Wooram Park,881,349,15,9,15,7
Greg Mordi,878,508,11,8,12,8
William J. Pervin,875,185,10,7,11,6
T. H. Brikowski,874,356,12,7,12,6
Robert Steininger,867,650,6,6,5,5
Weina Peng,847,465,14,10,15,10
Madhushree Munsi,844,598,11,10,12,12
Yunhui Guo,838,836,9,9,8,7
Eric Kildebeck,837,723,12,10,12,10
Xiangqing Jia,837,728,11,11,11,11
Lloyd Dumas,834,133,17,5,28,2
Edson V Perez,825,457,8,6,8,4
Fei Yang,820,806,17,17,28,28
Waseem Abbas,818,672,16,14,28,21
Yangchun Fu,818,486,12,12,13,12
Michael Hasler,815,725,9,9,9,9
Sunyoung Shin,814,805,7,7,6,6
Gitogo Churu,809,371,9,9,9,9
Lei Jiang,809,238,13,8,13,8
"Andrea D. Ruiz, M.S.",807,693,10,10,10,10
Sheena D'Arcy,793,557,13,12,15,15
Rasoul Yousefi,790,543,12,12,15,12
June Bryan de la Pena,790,657,16,14,33,28
"Peer Azmat Shah, Ph.D.",788,714,11,10,13,10
Matthew McDonough,787,690,10,7,10,5
Wei Li,786,785,17,17,25,25
Russell Stoneback,783,521,15,12,25,19
Xiuying Li,782,609,11,11,12,11
Ali Ahmadi,779,619,9,9,8,7
Shiyi Wei,775,688,11,10,11,10
James Harrington,759,572,8,8,8,8
Lowell Waite,757,286,11,8,13,8
Darshan Sapkota,756,443,14,11,15,13
Nikki Delk,755,406,12,11,12,11
Rodney Andrews,752,555,12,11,13,12
Dawn Owens,743,312,12,7,12,5
daniel wickberg,740,334,7,6,7,5
Isaac Persing,732,604,11,10,11,10
Jin Ryong Kim,728,466,13,12,18,16
Ifana Mahbub,720,683,14,13,18,17
Zhong Wang,717,687,8,8,8,8
"Ge,Xiaoqian",713,602,14,14,16,15
Ming Dong Gu,713,354,14,8,20,7
Wen Cai,706,532,13,11,15,12
Hedieh Torabifard,701,662,9,9,9,9
Atanu Lahiri,700,533,15,14,17,14
john Wiorkowski,692,77,10,4,13,3
Mark Thouin,678,430,8,7,5,5
Kerrianne E. Morrison,678,673,11,11,11,11
Matthew Gardner,678,672,12,12,16,16
Md. Yousuf Ali,677,650,9,9,9,9
Kuei Sun,672,475,18,13,20,14
Maria Loumioti,663,564,9,9,9,9
Fatemeh Hassanipour,659,575,12,11,13,11
Clark A Meyer,659,300,12,10,13,10
Kathleen McNeeley Myers,658,221,6,6,6,6
Jyoti R. Misra,658,519,5,5,4,4
Asli Leblebicioglu,657,332,10,9,10,8
Steven Chong Xiao,645,561,9,9,8,8
Juan Pablo Oviedo,639,618,7,7,5,5
Shaobo Li,639,636,8,8,8,8
Alva Tang,639,625,15,15,22,22
Mehrdad Heydarzadeh,633,621,14,14,15,15
Nicholas Dillon,631,573,11,11,12,11
Mehmet U S Ayvaci,630,480,13,12,17,14
"Habte G Woldu, Ph.D.",622,427,8,5,7,5
Michael Andrew Luzuriaga,621,621,13,13,14,14
Nina Baranchuk,616,338,9,5,7,5
Mohammed AbdelWahab,611,592,10,10,10,10
Nhat Lam,605,311,8,6,6,2
Christian P Rivera,600,390,6,6,5,5
Akash Laturia,589,584,6,6,3,2
Yune S. Lee,579,390,12,12,13,12
Adrienne L. McLean,578,189,12,8,14,5
Nilesh Agalave,577,475,10,10,10,10
Bin Hu,568,488,11,10,12,10
Matthew Q Hill,567,535,9,9,9,9
Amena L T Khan,564,134,6,5,6,5
Reza Lotfian,561,499,14,12,15,13
Kyle Fox,560,440,15,13,21,18
Edward J Harpham,554,136,11,4,13,3
Sergey Cheshkov,553,341,12,9,12,9
Chung Hwan Kim,548,524,10,10,11,11
Ashley M. Lakoduk,548,420,6,6,6,6
Hejian Xiong,545,515,13,12,13,12
Tzu-Fang Lou,545,394,11,9,12,9
Elizabeth A.M. Searing,539,493,9,9,8,8
Jeliza S. Bonso,538,364,7,6,7,6
Stephen Perkins,538,133,5,2,4,2
Filippo Romiti,537,485,11,11,11,11
Nathan Williams,527,350,12,11,14,12
Jeffrey B Word,525,225,6,5,5,3
Irina Panovska,522,401,9,8,9,8
Justin Koeln,515,430,13,11,17,14
Desiree R Jones,515,513,12,12,12,12
Jing Xu,511,508,9,9,9,9
Arif Malik,511,357,12,11,16,13
Vanessa Meyer,510,316,10,10,10,10
Katherine E. Washington,510,433,13,13,17,17
Ignacio Pujana,499,280,13,8,13,7
Holly Ruhl,498,396,9,9,8,7
Yangzi Zheng（郑杨子）,496,437,12,12,14,14
Kianoosh Yousefi,491,451,12,12,12,12
Jonathan Y. Tsou,489,314,11,10,14,10
Harpreet Singh,489,363,7,7,7,7
Dr. Anirban Paul,484,479,14,13,15,15
Arkadeep Mitra,484,476,3,3,2,2
Bhadrachalam Chitturi,475,317,13,10,18,14
Yuanjun Bi,474,342,12,10,12,10
Jiacheng Huang,465,340,8,7,8,7
V Challagulla,463,158,6,3,5,2
Sathyanarayanan Sridhar,463,417,10,10,10,10
Armin Zare,458,428,12,12,15,14
Tomoki Ohsawa,453,270,12,10,16,12
Badrinath Jagannath,452,445,12,12,14,14
Michael Neugent,450,447,8,8,7,7
Qiwei Li,448,342,11,11,12,12
G. D. Surabhi,446,445,9,9,9,9
Qinyi Zhou,446,376,6,6,6,6
Holly Kosiewicz,445,389,12,11,13,11
"John R. McCaskill, Jr.",441,247,6,6,6,6
Nanxiang Li,432,331,9,8,9,6
Shivesh Ranjan,430,293,14,13,14,13
Saeed Mazrouei Sebdani,429,257,6,6,6,5
Xuan Hu,422,422,11,11,12,12
Victor(Vic) J Valcarcel,421,314,11,9,11,7
Amanda Besch,419,246,5,4,4,4
Anant Vaibhav,419,316,3,3,3,2
David Channell,415,139,7,6,6,4
Muhammad Saad Yousuf,413,318,14,12,14,13
Hui Ouyang,413,275,10,10,10,10
Balasubramaniam Balachandran,412,412,6,6,6,6
Candace Benjamin,410,410,11,11,11,11
Rujuta Munje,407,394,8,8,7,7
Jaebeom Lee,406,406,7,7,6,6
Van Thuan Nguyen,404,325,11,10,12,11
Qiyue Wang,404,403,4,4,4,4
Tooraj Nikoubin,400,218,12,9,14,9
Benjamin Adam Raichel,400,280,10,9,11,9
Dani Fadda,398,235,10,8,10,8
Monroe Turner,395,369,11,11,13,12
Chi Zhang,391,165,9,5,9,3
Adrian Calin Murza,389,97,10,5,10,1
Kihwan Han,386,326,9,8,8,8
Yingyu Huang,386,377,9,9,9,9
Banks Miller,384,257,9,9,9,9
Nicholas Ruozzi,382,270,12,10,13,10
Mohammad Jafari,381,374,12,12,15,15
xian qian,379,171,9,6,9,5
David Cordell,379,140,9,5,8,3
Yiran Zheng,379,379,3,3,2,2
Mawia Khairalseed,373,323,11,10,15,12
gbadebo ayoade,372,357,9,9,9,9
Zachary T. Sickmann,368,343,8,8,8,8
Karl Ho,365,138,8,7,6,5
sumudu wijenayake,363,248,6,6,6,6
Navneet Sharma,363,328,12,11,13,13
Haoran Wei (魏浩然),360,359,10,10,10,10
Louis Caillard,355,234,9,7,9,6
Allison M. Stiller,353,353,11,11,11,11
Claude Sinner,352,297,7,7,6,4
Kelvin Pak Shing Cheung,352,351,6,6,6,6
Yaqing Jin,351,348,11,11,13,13
Anahita Mahzari,347,343,6,6,5,5
Duo Mao,343,176,8,7,8,5
Mahmud Salam,342,240,6,6,5,4
David Pruitt,342,323,9,8,9,8
Zhe (James) Zhang,342,308,8,7,8,6
Shi Pu,341,341,11,11,13,13
Dongfang Zhang,340,127,7,6,7,6
Angelos Antonopoulos,337,280,13,11,14,12
Jingfu Jin,337,292,9,9,9,8
Yutika Badhe,332,302,8,8,7,7
Evgenia Gorina,331,310,12,11,12,11
Gary Hardee,329,284,7,6,6,6
Kendra L. Seaman,329,317,10,9,10,8
Sarada Preeta Kalainayakan,328,283,6,6,6,6
Ignacio Rios,326,267,10,10,10,10
Huseyin Ulusoy,323,253,9,9,9,9
Qian Zhong,323,304,11,10,11,11
Jiawei Liu,321,297,10,10,10,10
Shouqiang Wang,320,260,12,11,12,12
Kilee DeBrabander,320,318,7,7,6,6
Liang Xu,316,250,9,9,9,8
Sy Han Chiou,316,285,11,11,12,11
Connor Douglas,316,314,7,7,7,7
Rebekah K. Nix,315,91,8,4,4,1
Ye Gao,315,313,12,11,13,13
Ying  Huang (黄颖）,315,312,4,4,4,4
Sumon Sarkar,311,311,4,4,4,4
Dane Grasse,308,226,8,7,7,6
William R Griffin,305,156,7,6,6,6
xu liu,303,286,10,9,10,9
Zhiyang Xia,302,291,11,11,12,12
Yuan Qi,300,299,7,7,6,6
Alexander L. Burton,297,297,11,11,13,13
Julia Henricks,297,296,2,2,1,1
Crystal Maung,296,178,8,7,6,6
MARJAN GANJALI DASHTI,293,233,10,10,12,12
Zhitong Li,290,290,7,7,6,6
Connor Parde,288,286,7,7,5,5
Abdullah Al-Mamun,287,105,9,7,9,3
Joy S. Lee,286,285,3,3,3,3
Sanjay Anand,286,183,5,5,5,5
Yong Chan Jung,286,274,9,9,9,9
Geraldine Jeckeln,284,282,2,2,2,2
Mostafa Sayed Ibrahim,283,248,10,10,10,10
Ashlesha Bhide,278,246,8,8,8,8
Jeff Hicks,277,216,4,4,4,3
Ava Khosravi,272,271,9,9,9,9
Thomas A. Szabo-Pardi,271,267,8,8,8,8
Bikash Manandhar,265,203,4,4,3,3
Sunah Kwon,264,264,10,10,11,11
Sarah P. Maxwell,264,206,8,6,8,5
Tahrima Rahman,262,246,9,9,8,7
Mercedez Callenes,262,149,4,4,3,3
Lauren E. Pinson,261,244,4,4,4,4
Conor A Ryan,259,259,5,5,5,5
Xin Meng,256,225,8,8,6,6
Anyan Qi,254,248,9,9,8,8
Rouzbeh Molaei Imenabadi,251,245,6,6,6,6
payam rabiei,247,71,7,4,5,2
Reza Bagherian Azhiri,246,222,6,6,4,4
Ivneet Kaur Banga,246,244,9,9,7,7
Phillip F. Agres,244,242,3,3,3,3
Sampreetha Thampy,244,242,9,9,9,9
Heidi Rae Cooley,244,122,7,5,4,3
Masoud Farhadi,243,243,9,9,9,9
Sayali Upasham,243,243,9,9,8,8
Qi Cai,241,241,6,6,5,5
BoKyung PARK,239,218,8,7,8,7
Blake A. Wilson,238,182,6,6,6,5
Diana Tavares Ferreira,237,236,8,8,8,8
Maryam Imani,230,172,9,7,9,7
Yafeng Lu,230,215,3,3,3,3
Ronan J. Conlon,230,187,7,7,7,7
Myunghoon Suk,229,174,6,3,5,3
Ambalika S Tanak,229,229,8,8,8,8
Danielle R Berry,226,226,2,2,2,2
John Michael O. Cue,226,226,5,5,2,2
Garrett Greenwood,225,148,1,1,1,1
Rashika Mishra,223,222,6,6,6,6
Chris M. Foster,219,215,9,9,9,9
Baris Coskunuzer,218,120,9,7,8,0
Maria A. Boylan,217,217,6,6,6,6
Mohammad-Mahdi Bidmeshki,215,184,9,8,8,7
Jianjun Du,213,113,5,4,4,3
Kelly N Jahn,212,198,9,9,9,9
Mehdi Karbalayghareh,209,209,7,7,6,6
Zelun Kong,209,209,5,5,4,4
Kallol Mukherjee,209,208,7,7,7,7
Bambi DeLaRosa,207,189,6,6,5,4
Toby Elery,206,205,5,5,5,5
Naimul Hassan,204,203,6,6,5,5
Syed Huzaif Ali,203,202,6,6,5,5
Yan-Feng Zhou,201,197,10,10,11,10
Maryam Ashkaboosi,201,165,5,5,5,5
Su Min Hwang,201,187,9,7,6,6
Benjamin Batchelor,201,166,8,8,8,6
Hafez Eslami Manoochehri,200,190,7,7,5,5
Mithun Balakrishna,200,96,7,6,6,5
Matthew S Heins,198,38,9,4,8,1
Luis A. Rodriguez II,198,197,6,6,6,6
Kanchan Bahirat,197,163,6,6,5,4
Yaoqiao Hu,197,195,6,6,6,6
Gu Eon Kang,196,190,9,9,8,7
Junfeng Guo,195,195,5,5,4,4
Prasanna Kothalkar,194,182,6,6,4,4
David A Hoagey,192,190,8,8,8,8
Howard Dover,191,122,6,6,4,4
Yang Wang,190,190,5,5,2,2
Niloofar Mohammadi,188,150,5,5,5,4
Alejandro Rivera,188,173,5,5,3,3
Shashini Diwakara,188,186,6,6,5,5
Carie King,187,95,7,6,5,4
Abouzar Gharajeh,183,183,3,3,3,3
Wei Xiao,183,183,5,5,5,5
Sasya madhurantakam,181,169,8,8,7,7
Yufei Gu,181,133,5,5,5,5
Nimali Abeykoon,178,157,4,4,4,4
Anurag Nagar,176,75,6,5,5,3
Seong Yeoul Kim,175,162,6,6,4,3
Krishnateja Killamsetty,175,175,6,6,5,5
Liang Shuai,174,90,6,5,6,4
Ashwin Venkataraman,173,159,5,5,5,5
Hamilton Lee,173,173,6,6,6,6
Suraj Kothawade,173,172,7,7,5,5
Xiuyao Lang,173,173,8,8,8,8
Dongcheng Li,173,173,8,8,7,7
Wesley Brigner,171,171,6,6,4,4
Masoud Alahbakhshi,169,161,8,8,7,6
Yuguang Zhao,169,169,6,6,5,5
Mohammad Hassan Ghaderi,167,167,5,5,1,1
Juan Carlos Godinez,165,165,7,7,5,5
Mary Urquhart,165,39,5,4,3,0
Sumit Jha,164,160,7,7,7,7
Boya Zhang,164,164,5,5,3,3
Chengyi Gao,162,56,8,4,8,2
Mohammed Belal Uddin,160,158,7,7,7,6
Aliehsan Samiei,160,160,3,3,3,3
Jean-Marie Meier,158,148,6,6,4,4
Lei Chen,158,135,7,5,6,4
Thomas Lavastida,157,157,4,4,3,3
Avisek Maity,156,156,4,4,3,3
Nursadul Mamun,153,143,6,6,5,5
Ana Hernandez-Reynoso,153,151,5,5,4,4
Guang Zhou,152,129,5,4,3,3
Mohammad Aliakbari,151,96,3,3,3,3
Dema Abdelkarim,151,151,5,5,4,4
Nasim Arbab,150,109,5,3,4,1
Zhuo Chen,150,148,6,6,5,4
Szu-Jui Chen,150,150,5,5,4,4
Adam Hartman,149,75,6,4,5,3
Tariq M Ali,148,60,7,5,6,2
Donald Kretz,147,103,6,5,5,5
Vignesh Kalidas,146,136,4,4,4,4
Sutton E. Wheelis,146,139,6,6,3,3
Pawan Koirala,146,146,2,2,1,1
Meghana Satpute,144,140,5,4,4,4
Harish Kaza,143,112,7,7,5,5
Kolade Oyekan,141,141,6,6,5,5
Sobhan Badakhshshan,141,141,4,4,4,4
emre yetkin,141,103,4,4,4,3
Ahmad Daniar,140,140,5,5,5,5
Ankit R. Parikh,140,115,2,2,2,2
Bharath Bhushan Ravichander,139,139,7,7,3,3
Zijie Wang,138,138,7,7,6,6
Juan Manuel Florez,138,137,5,5,5,5
Tanya Danaphongse,138,137,8,8,7,7
Jinwon Jeong,138,138,4,4,4,4
Yan Xiao,137,109,7,7,7,5
Brian Ricks,137,49,6,4,4,2
Juliet Mwirigi,137,137,5,5,4,4
Xun Liu,137,137,6,6,6,6
Kiruba Sankaran Subramani,136,129,7,7,7,7
Yinghua Zhang,135,66,7,5,4,2
Devangsingh Sankhala,135,134,6,6,5,5
Nickolas Ashburn,135,135,6,6,5,5
Mustafa Safa Ozdayi,135,134,5,5,5,5
Viraj Mavani,135,135,5,5,3,3
Mengmeng Zhang,135,135,4,4,3,3
Seyed Mahmoud Hosseini,134,88,4,4,4,3
Savyasachi Gupta,134,134,4,4,3,3
Mohamed Fadel Shady,133,82,6,6,3,2
Zhiyu Chen,133,130,6,6,4,4
Vigneshwaran Gurusamy,131,131,5,5,3,3
Xiangyu Zhu,131,131,5,5,3,3
Maxim Dm. Arnold,130,104,7,6,5,5
Soumil Mandal,129,129,7,7,7,7
Jashkaran Gadhvi,128,128,6,6,5,5
Yeungjeom Lee,124,121,7,7,5,5
Aldo Garcia-Sandoval,124,121,4,4,4,4
Joshua Usoro,124,122,5,5,4,4
Nan Wu,124,124,6,6,4,4
Nikita Kvasovs,124,124,5,5,3,3
Jessica Ouyang,123,112,5,5,5,5
Farzad Karami,123,119,6,5,4,4
Lingchao Chen,123,123,5,5,5,5
Robert Andrew Morrison,122,121,5,5,5,5
Lokesh Basavarajappa,122,119,6,5,4,4
Christopher Mace,122,93,4,4,3,3
Yahan Wei,122,110,5,5,5,5
Linlin Fan,122,122,7,7,5,5
Jonas Hedlund,121,112,4,4,2,2
Sahand Hadizadeh Kafash,121,121,5,5,5,5
Liheng Zheng,121,109,7,7,5,5
Benjamin Gravell,121,121,6,6,3,3
Li Wang,120,120,6,6,4,4
Nikesh Kunder,119,119,5,5,4,4
Nishtha Sharma,118,108,6,6,5,5
Rahman Sajadi,118,118,3,3,2,2
Bharath Shamasundar,118,118,5,5,5,5
Martin Gregorio Reyes Banda,117,109,6,6,4,4
Josef Nguyen,116,113,5,5,5,5
Carlos Avila-Avendano,116,115,7,7,5,5
Mu Yang,116,116,5,5,5,5
Patricia Leach,116,22,5,2,4,1
Shou-Yu Lee,115,87,7,7,3,1
JOONHWI JOO,115,111,4,4,4,4
Ruwan Gunawardhana,115,115,5,5,4,4
Jyotirmoy Sarma,115,115,5,5,3,3
Vikram Narayanan Dhamu,115,115,5,5,4,4
Dushanthi Shamila Dissanayake,114,96,4,4,3,3
Hazen Eckert,113,94,2,2,2,2
Shakil Mohammed,112,92,4,4,3,3
Ritesh Kumar Malaiya,112,112,3,3,2,2
Patrick Cheung,112,112,3,3,3,3
Ram C M C Shekar,112,112,5,5,2,2
Oziel Rios,111,77,5,5,1,1
Soroush Senemmar,111,111,6,6,3,3
Marzieh Ershad,110,101,6,6,4,3
Lamia Alam,110,105,7,6,4,4
Zi Wang,110,110,3,3,3,3
"Steven J. Foland, PhD",109,54,6,4,4,2
Peng Zhou,109,108,5,5,4,3
Shamik Kundu,109,108,6,6,5,5
Ziyan Zhang,109,108,5,5,2,2
Laiah Factor,108,78,1,1,1,1
Djakhangir Zakhidov,108,102,5,4,2,2
Devashish Lingam,108,82,2,2,1,1
Jason Kautz,108,107,6,6,2,2
Sameer Arora,107,105,5,4,2,2
Jesse Bucksot,107,107,6,6,5,5
Yue Fei,106,73,6,5,5,2
Pumpki Lei Su,106,105,6,6,2,2
Hamid Reza Firouzi,106,98,5,5,5,5
Jonathan Hartmann,106,45,4,4,4,2
Khairun-nisa Hassanali,105,52,7,5,4,1
Erling Beck,105,30,1,1,1,1
Hamed Alemansour,104,104,5,5,3,3
Jason Lin,104,52,4,4,2,2
Yichuan Lu,103,97,5,5,4,4
Sanobar L. Patel,102,67,3,3,2,2
Rodolfo Antonio Rodriguez Davila,101,95,6,6,3,3
Arman Boskabadi,101,99,5,5,3,3
Adam R. Girard,101,101,3,3,1,1
Ehsan Nourbakhsh,100,27,5,2,4,1
Li Ren,100,78,4,4,3,3
Olivia Banner,100,78,6,6,5,4
Khyati Chandratre,99,96,5,5,2,2
Zhen Xu,98,31,4,3,4,1
Thomas R. Gray,98,94,5,5,3,3
Gangyi Hu,98,97,4,4,2,2
Neha Hulyalkar,98,98,4,4,2,2
Xiaoxiao Tang,98,98,4,4,2,2
Lei Zhang,96,84,5,5,4,4
Behzad Mirkhanzadeh,96,95,6,6,3,3
Erfan Khodabakhshi,96,96,5,5,5,5
Bhanu Teja Vankayalapati,96,96,7,7,3,3
Hung Do,96,94,3,3,3,3
Ramon Maldonado,96,96,6,6,5,5
Veronica Minsu Hong,95,90,1,1,1,1
Durgasha Poudyal,95,79,4,4,3,3
Mingzhu Hou,95,82,5,5,3,3
G Veera Bharath,95,95,4,4,2,2
Hemeng Tao,95,94,6,6,4,4
Mohammad Esmaeili,94,94,7,7,4,4
Aditya Joglekar,94,94,4,4,3,3
Kim Knight,93,66,4,3,1,1
Md Emran Hossain Bhuiyan,93,93,4,4,4,4
Harsh Bimal Desai,93,93,3,3,3,3
Simon Siegenthaler,92,91,5,5,2,2
Kamalesh Palanisamy,92,92,2,2,1,1
Nishant Gurrapadi,92,92,4,4,2,2
Tingting Zhang,92,92,5,5,3,3
Ankam Srujan yadav,92,92,7,7,4,4
Tiantian Chen,92,92,6,6,4,4
Shivam Gupta,91,90,2,2,2,2
Wei-Cheng Lin,91,91,6,6,2,2
Carlos E. Arreche,90,60,6,5,5,2
Mohammed A. Eldeeb,90,88,4,4,2,2
Kaitlin Sands,90,90,5,5,3,3
Haowei Tai,90,90,5,5,3,3
Soudeh A Khoubrouy,89,58,7,5,2,1
Bayron Lennin Murillo,89,89,5,5,4,4
Thomas Riccio,88,30,6,3,2,0
Ajay Kaarthic Jeysree,88,88,1,1,1,1
Felix Mauersberger,88,86,3,3,2,2
Weijie Xu,87,86,6,6,5,4
Vandita D. Bhat,87,87,4,4,4,4
Sumair F Sunny,86,86,6,6,4,4
Antra Ganguly,85,85,5,5,4,4
Md. Abdullah Al Mamun,84,83,6,6,3,3
Liping Ma,84,56,2,2,1,1
Alakh Aggarwal,83,83,3,3,1,1
Juliana N. Saba,83,83,5,5,3,3
Soojin (Min) Conover,82,73,4,4,3,3
Yuchen Liang,80,67,5,4,1,1
Andy Amato,80,51,2,2,1,1
Jon Engel Craven,80,59,3,3,2,2
Larry Chasteen,80,35,4,4,1,1
Chris Irwin Davis,79,45,5,4,2,1
Emrah Cem,78,40,6,4,3,0
Afshin Alipour,78,74,5,5,2,2
Chen Li (李辰),78,78,5,5,2,2
Faeze Parsaee,78,77,3,3,2,2
Esmail Babakrpur,77,62,5,5,2,2
Ovidio Rodriguez-Lopez,77,77,5,5,3,3
Daniel Pacheco,76,38,1,1,1,1
Jingchen Liang,74,74,4,4,2,2
Abdullah Küçük,74,74,6,6,4,4
Hunter Stevenson,73,73,3,3,3,3
shunmugapriya ramanathan,73,31,4,4,1,0
Nastaran Nikooienejad,72,72,5,5,3,3
Vahid Moalemi,72,11,4,1,2,1
Alejandra Stefania Escalera Mendoza,72,72,3,3,2,2
Lidia El Bouanani,71,71,5,5,5,5
simin sheybani,70,65,2,2,2,2
Sabina Srokova,70,70,4,4,2,2
Xiangci Li,70,70,4,4,3,3
Yaning Liu,70,70,2,2,2,2
Vikas Paduvalli,69,63,5,4,3,3
Marisol Valdez,69,69,2,2,1,1
Liwei Zhou,69,68,4,4,4,4
Yalini H. Wijesundara,69,69,5,5,3,3
Lindsey Smith,68,46,3,3,3,2
Haan Johng,67,67,4,4,2,2
Shenggang Dong,67,66,5,5,2,2
Soraya Fatehi,67,63,4,4,3,3
Abraham Peedikayil Kuruvila,67,67,4,4,3,3
Charles Laffiteau,66,44,3,2,2,2
Dong Liujia,66,53,4,3,2,2
Jasmine Nojadera Tutol,66,66,4,4,3,3
Sleiman Safaoui,65,65,4,4,3,3
Qi Cheng,65,65,4,4,4,4
Shujie Gu,65,65,4,4,4,4
Behnam Torabi,64,64,4,4,4,4
Zhongyou Wu,64,58,4,4,1,1
A. K. M. Nur Alam Siddiki,64,58,5,5,3,2
Simbarashe (Simba) Mazambani,64,64,3,3,2,2
Changbin Li,64,54,5,5,2,2
Farhat Abbas,63,50,4,3,2,2
Fateme Najafkhani,63,63,2,2,2,2
Shevon Alexander,63,62,1,1,1,1
Muhammad Awais,62,62,5,5,3,3
Swapnil Dolui,62,62,3,3,2,2
Leunam Fernandez-Izquierdo,62,62,4,4,2,2
Alexander Murphy,62,62,5,5,2,2
Nicole Noushin Faraji,61,33,3,3,3,2
Monir Zaman,61,60,3,3,3,3
Jingxiang Tian,61,61,3,3,3,3
Sagar Davasam,60,28,4,2,3,1
Yazdan Maghsoud,60,55,5,5,2,1
Mary Brunson,60,40,5,3,2,1
Miles R. Larkin,59,42,3,3,2,2
Andrew Wei,59,53,3,3,2,2
Ranran Feng,58,45,4,4,3,1
Janet Johnson,58,36,2,2,1,1
Yuanqing Huang,58,58,2,2,2,2
Ibrahim Hossain Sajal,58,58,4,4,2,2
Andrew Frazelle,58,57,2,2,2,2
Rebecca Cordell,57,57,4,4,3,3
Sayeed Salam,57,57,5,5,1,1
Pracheta Sahoo,56,55,4,4,2,2
Vijay Narendra Kulkarni,56,56,3,3,2,2
Yukun Zhu,56,55,4,4,2,2
Glenn Gleason,56,56,4,4,3,3
Alireza Safaripour,55,54,2,2,1,1
Md Shihabul Islam,55,55,5,5,2,2
Abha Umesh Sardesai,55,55,5,5,1,1
"Marissa Higgins, Ph.D.",54,54,5,5,2,2
Ximing Zhou,54,54,4,4,2,2
Pengyuan Chen,54,52,4,4,2,2
Shujing Sun,54,53,3,3,1,1
Sanjay Neerukonda,54,54,3,3,2,2
Pratik B Vyas,53,50,4,4,2,2
PRANITH REDDY BYREDDY,53,53,4,4,1,1
Bharath Devaki,53,50,3,3,1,1
Shiwen Wu,53,51,4,4,2,2
Seong-Gyun Leem,53,53,3,3,2,2
Wei-Jen Cheng,52,50,1,1,1,1
ASHUTOSH SHRIVASTAVA,52,51,4,4,2,2
Chiradeep Roy,52,52,4,4,3,3
Ching-Tzu Tseng,52,51,3,3,3,3
Yigong WANG,52,52,4,4,3,3
Shantanu Kadlaskar,51,51,2,2,2,2
Lan Hu,51,47,4,4,2,2
Connor Donegan,51,50,3,3,1,1
qin zhou,51,51,4,4,2,2
Ritin Mathews,51,51,4,4,3,3
Nikhil Dhale,51,51,5,5,3,3
Yamini Jayabal,50,28,4,3,1,0
Mostafa Safavi,50,45,4,3,2,2
Ramakrishnan Pitchai Kumar,50,39,2,2,1,1
Xinglu Wang,50,50,4,4,2,2
"Asal (Baragchizadeh) Johnson, Ph.D.",50,50,3,3,2,2
Noirrit Kiran Chandra,50,49,5,5,3,3
Hung-Jui Guo,50,50,1,1,1,1
ABHIJIT BALAJI,50,50,2,2,2,2
Maxwell Weinzierl,50,50,4,4,1,1
Hong-An Wu,49,45,2,2,2,2
Zhen Lu,49,39,5,4,1,0
Chenglong Duan,49,45,3,3,2,2
Tarjani Shukla,49,49,5,5,2,2
Ali Saadat,49,49,4,4,2,2
Behnoush Dousti,46,37,3,3,2,2
Ninad Khargonkar,46,46,3,3,1,1
Youngrok Kim,46,46,2,2,2,2
Amin Abbasalipour,45,44,4,4,0,0
Shobhana Ganesh,45,45,3,3,2,2
Yile Wang,45,45,3,3,2,2
Soumya Sourav,45,45,2,2,2,2
Barbara Maweu,45,45,3,3,2,2
"Michelle N. Harris, Ph.D.",44,41,4,4,1,1
Pablo Tirado,44,44,3,3,2,2
Ian Abenes,44,44,3,3,1,1
Susana Borbon,44,43,3,3,1,1
Josiah Smith,44,44,4,4,2,2
Yunan Wu,44,44,3,3,2,2
Xiaodi Li,43,43,4,4,2,2
Akib Jabed,43,43,3,3,1,1
Prapti Mody,43,43,4,4,2,2
Sagnik Dakshit,43,43,3,3,2,2
TI Tongil Kim,42,39,4,3,2,2
Sepideh Rahmatinia,42,28,3,2,2,1
Samitha D Panangala,42,42,3,3,2,2
Cristhian Garcia-Quintero,42,42,4,4,2,2
Lakitha Omal Harindha Wijeratne,42,42,2,2,2,2
Ziyu Chen,42,42,3,3,3,3
Vahid Qaradaghi,41,38,4,4,1,1
Yang Yu,41,41,2,2,1,1
Liang Han,41,41,2,2,2,2
Bo Hu,41,41,3,3,2,2
Shilyh Warren,40,31,4,4,2,1
Georgia K. Stuart,40,40,2,2,2,2
Moinak Pyne,40,38,5,5,1,1
Parinaz Sadat Alemi,40,40,3,3,1,1
Lakshmi Narayanan Mosur Saravana Murthy,40,40,4,4,0,0
Harsha Kokel,40,39,3,3,2,2
Zakia Akter,40,40,3,3,2,2
Melissa E Lenert,40,39,3,3,2,2
Yeqi Wang,39,39,4,4,2,2
Sepehr Sadeh,39,35,4,4,1,1
Sanjay Gopalan,39,39,3,3,2,2
Katherine M Garner,39,39,3,3,1,1
Amirhossein Azami,39,39,3,3,2,2
Zeinab Delaram,39,34,2,2,2,2
HAITAO LYU,39,28,3,3,2,1
Fei Tang,38,31,3,2,1,1
Wasif Haque,38,38,1,1,1,1
Huaduo Wang,37,37,4,4,0,0
Mohammad Ali Ghaderi,36,18,4,2,1,1
David Allen,36,36,3,3,2,2
Natalia Lamberova,36,33,2,2,2,1
Nathan Kodjo Mintah Churcher,36,36,2,2,1,1
Deepak Monga,36,36,3,3,1,1
Behnam M. Mosammam,35,35,4,4,1,1
Yuning Qiu,35,35,4,4,2,2
Aniket Joshi,34,34,2,2,1,1
Hailiang Dong,34,34,3,3,0,0
John Petty,34,23,2,2,1,1
Peng Peng Zheng,34,34,2,2,1,1
Bashir Hosseini Jafari,34,34,4,4,0,0
Minh Ha Tran,34,34,2,2,2,2
Nathan Beck,34,34,2,2,1,1
Khatereh Ahadi,33,33,3,3,1,1
Jedson Pinto,33,33,2,2,1,1
Soumyadeep Choudhury,33,33,1,1,1,1
Jubeyer Rahman,33,32,3,3,2,2
Mujibur Rahman Chowdhury,33,33,2,2,2,2
Shengjie Li,33,33,2,2,1,1
Xiao Li,33,33,3,3,2,2
Chenxu Zhang,33,33,2,2,1,1
Benjamin Swedlove,32,18,1,1,1,1
Minghua Li,32,23,3,3,1,1
Mehrdad Rostami Osanloo,32,32,3,3,2,2
Manasvini Ammanamanchi,32,32,2,2,1,1
Nan Guo,32,32,2,2,1,1
Zaid Bin Tariq,31,29,2,2,1,1
Shervin Shahrokhi Tehrani,31,26,3,2,1,1
Noha Helal,31,28,3,3,1,1
Sebastian Faundez,31,12,2,2,1,0
Tanya Mohan Tukade,31,31,1,1,1,1
David Rheams,31,31,2,2,1,1
Ryan Scott Teschner,31,30,4,4,0,0
Bingxu Luo,31,31,3,3,1,1
Sara Akbarzadeh,31,30,3,3,1,0
Chiho Yoon,31,31,3,3,1,1
Brian Nguyen,31,31,2,2,2,2
McClain Watson,31,14,3,2,2,0
Austen C Adams,31,31,3,3,1,1
Nitish Salwan,30,11,1,1,1,1
David T. Katopody,30,20,4,3,0,0
Jainish Adesara,30,30,2,2,1,1
Md Sanower Hossain,30,29,2,2,1,1
Jae Won Choi,30,30,2,2,2,2
Behnam Pouya,29,29,1,1,1,1
Md Imrul Hasan,29,29,3,3,1,1
Vignesh Raghuraman,29,29,3,3,1,1
Ekarin Eric Pongpipat,29,29,3,3,1,1
Saichethan M. Reddy,29,29,3,3,0,0
Aoxin Ni,29,29,1,1,1,1
Negar Geramifard,29,29,2,2,1,1
Sagar Patil,28,20,1,1,1,1
Harichandan Roy,28,21,3,3,2,1
Hiu Ching Kam,28,28,2,2,1,1
Mojtaba Afshar,28,28,3,3,1,1
"Dr. Priyanka Basak, Ph.D.",28,26,3,3,1,1
Federico Siano,28,28,3,3,2,2
Huiluo Chen,28,28,2,2,1,1
Mufan Sang,28,28,3,3,0,0
Ching Wen Tseng,28,24,2,2,2,1
Chih-Lun Chang,27,22,3,2,1,1
Valerie G. Womack,27,26,1,1,1,1
Chen Cheng,27,8,2,1,1,0
Sivaram Cheruvu,27,27,3,3,1,1
Rafael Copat,27,6,3,2,1,0
Prashanth Gowda,27,27,2,2,2,2
Sachini  D Perera,27,27,2,2,1,1
Farah Naz Taher,26,23,3,3,0,0
Baokun He,26,26,3,3,1,1
Matthew Heard,26,26,2,2,1,1
Hootan Rahimi,26,26,2,2,1,1
Darsh Shah,26,26,1,1,1,1
Feng Zhang,26,24,4,4,1,1
Hossein Razmi Bagtash,26,26,1,1,1,1
Augustine Annan,26,26,3,3,1,1
Sampath Kumar Grandhi,25,25,3,3,1,1
Blesson Paul,25,23,2,2,1,1
Jeri Luckenbaugh,25,25,1,1,1,1
Tianliang Zhang,25,25,2,2,1,1
Whitney S. Y. Ong,25,25,3,3,0,0
Kathryn Kreidler,25,24,1,1,1,1
Zihe Song,25,25,3,3,1,1
Elen Nas,25,25,2,2,1,1
Zhenyu Wang,25,25,3,3,0,0
Erick Skorupa Parolin,25,25,3,3,0,0
Lance Kyle Bennett,24,24,3,3,1,1
Subha N Sarcar,24,24,3,3,1,1
Ayon Quayum,24,22,2,2,1,1
James M.H. Tran,24,24,1,1,1,1
Jake Smith,24,24,2,2,1,1
RUSHIKESH PATEL,24,21,2,2,1,1
Sakib Reza,24,24,3,3,1,1
Harsh Dave,24,24,3,3,1,1
Vaibhav Uttam Pawaskar,24,24,3,3,1,1
Md Arafat Hossain Khan,23,11,3,2,1,0
Ramesh Padmanabhan,23,22,3,3,0,0
Ziyang Luo,23,23,2,2,1,1
Yibo Hu,23,20,3,3,0,0
Chanda Bhandari,23,23,2,2,1,1
Arefeh Shafie,23,23,2,2,1,1
Pratik Autee,22,22,2,2,1,1
xingyu meng,22,21,3,3,0,0
Chandra Varma Ponnurangam,21,17,2,2,2,1
Brenda Gambol,21,19,1,1,1,1
Sara Rouhani,21,21,3,3,0,0
"Modumudi, S. Madhav.",21,21,1,1,1,1
Deborah Stott,21,6,3,1,0,0
Judd D. Bradbury,21,20,2,2,1,1
Brett Cease,21,21,2,2,1,1
Ching-Yi Chang,21,8,1,1,1,0
Julian Enoch,21,21,2,2,1,1
Ryan Margolis,21,21,3,3,0,0
Feng Mi,21,21,2,2,1,1
Jahnavi Srividya Subramaniam,21,21,3,3,0,0
Hajira Elahi,21,21,3,3,1,1
Roshni  Anna Jacob,21,21,3,3,0,0
Minhas Kamal,21,19,1,1,1,1
Santosh Kumar Rana,20,20,3,3,0,0
Samir Mamadehussene,20,19,2,2,0,0
Federico Bernardoni,20,20,3,3,0,0
Arvin Honari,20,20,3,3,1,1
Mariana Herrera-Lara,20,20,1,1,1,1
Nirjal Sapkota,20,17,1,1,1,1
Shalini Keshavamurthy,19,6,1,1,1,0
Christine Veras,19,5,1,1,1,0
Xia Si,19,16,2,2,1,1
Adnan Basir Patwary,19,19,3,3,0,0
Genchang Peng,19,19,3,3,1,1
Mirazul Haque,19,19,2,2,1,1
Anki Chauhan,19,19,2,2,1,1
Benjamin W. Walker,19,19,1,1,1,1
Anastasia Dubrovina,19,19,1,1,1,1
Nicole K. Aragon,19,19,2,2,1,1
Xiaotao Xu,19,19,2,2,1,1
Zijing Tian,19,13,3,3,0,0
Serena Wenjing Xiao,19,19,2,2,1,1
John Gamino,18,4,1,1,1,0
Zubin Sunkad,18,18,1,1,1,1
Pingle Wang,18,18,3,3,0,0
Chao Long,18,18,3,3,1,1
Alejandro Abraham,18,18,1,1,1,1
Eder M. Cedeño-Morales,18,18,3,3,1,1
Valeriia Iziumchenko,18,18,1,1,1,1
Srivignesh Sankarraman,18,18,2,2,1,1
Hazhir Mahmoodi Nasrabadi,18,18,3,3,0,0
Adam Shebindu,18,18,2,2,1,1
Srushti Sachdev,18,18,1,1,1,1
Hossein Zahed,17,14,1,1,1,1
Jai Singh Rajput,17,17,1,1,1,1
Lixiong Du,17,17,2,2,1,1
Ziaul Haque,17,17,3,3,0,0
Md Imtiaz Rashid,17,17,2,2,1,1
Ning Wang,17,14,3,3,0,0
SHASHA JIN,17,17,2,2,1,1
Muhammad Musab Farooq,17,17,2,2,1,1
Linlin Yu,17,17,1,1,1,1
Yan-ting Liau,17,14,2,2,0,0
Simin Chen,17,17,2,2,0,0
Xurui Zhang,17,17,2,2,1,1
Lauren Ratliff Santoro,17,16,2,2,1,1
Disha Biswas,17,17,2,2,1,1
Shiva Thiagarajan,17,17,1,1,1,1
Wenyao Gu,17,17,3,3,0,0
Shreyas Gokhale,16,15,2,2,1,1
Xiaomeng Wang,16,16,2,2,0,0
Satwik Dutta,16,16,2,2,1,1
Julie M Fratantoni,16,15,2,2,1,1
Peter Reyntjens,16,16,2,2,1,1
Carlos Daniel Gutierrez Mannix,16,16,2,2,1,1
Haokun Wang,16,16,3,3,0,0
Negin Enayaty Ahangar,16,16,2,2,1,1
Alex Garcia Topete,15,15,2,2,1,1
Sherief S. Helwa,15,15,1,1,1,1
Matthew Joslin,15,15,3,3,0,0
Amin Birashk,15,15,1,1,1,1
Aref Asvadishirehjini,15,15,2,2,0,0
Munawara Saiyara Munia,15,15,2,2,1,1
Subhajit Maity,15,15,1,1,1,1
Godwin K. Babanyinah,15,15,1,1,1,1
CHEN XIE,15,15,2,2,0,0
Wasi Uddin Ahmed,15,15,1,1,1,1
Chuan-Fa Tang,14,14,2,2,0,0
Kenneth L. Brewer,14,4,3,1,0,0
Gautham Sai M R,14,14,2,2,1,1
Miyoung Choi,14,14,1,1,1,1
Khandakar Ashrafi Akbar,14,13,2,2,0,0
Hao Xiong,14,14,3,3,0,0
Mohammad Waliullah,14,13,2,2,0,0
Yuqiao Chen,14,14,2,2,1,1
Hwayoung Kim,14,14,2,2,1,1
Anani Komla Adabrah,14,14,2,2,1,1
Betsiti Araya,14,14,1,1,1,1
Yunjie Zhang,14,14,3,3,0,0
Alsadig Ali,14,14,2,2,0,0
Ahmad sayeed sayem,14,14,2,2,0,0
Marie L. Mortensen,14,14,1,1,1,1
Amey Kelkar,13,8,1,1,1,0
Pingakshya Goswami,13,12,2,2,0,0
Saurabh Mathur,13,12,3,3,0,0
Namra Shah,13,13,2,2,1,1
Arslan Umer,13,13,1,1,1,1
Alec M. Steele,13,13,2,2,0,0
Austin Mordahl,13,13,2,2,1,1
Zesheng Xu,13,13,1,1,1,1
Ashraf keewan,13,13,2,2,0,0
Jiamin Xie,13,13,1,1,1,1
Mohamed H. Mahmoud,12,12,1,1,1,1
Muhammad Abbas,12,12,2,2,0,0
Miren Tanna,12,5,1,1,1,0
Seyed Javad Jafarzadeh,12,12,2,2,0,0
Saloni Agarwal,12,12,2,2,0,0
Nikita Mahjabeen,12,12,2,2,0,0
Al-Mustasin Abir Hossain,12,12,2,2,0,0
Zongyang DU,12,12,2,2,0,0
Matteo Puccioni,12,12,2,2,0,0
Ashwin Bhobani Baral,12,12,2,2,0,0
Mohammed Allama Hossain,12,12,2,2,0,0
Bharana Ashen Fernando,12,12,1,1,1,1
Xueqi Xu,12,12,2,2,0,0
Chao Pan,12,12,2,2,0,0
Ojas Sonnis,11,11,1,1,1,1
Yuanzhen Guo,11,11,2,2,0,0
Jishnu Jaykumar P,11,11,2,2,0,0
Emmanuvel Joseph Aju,11,11,3,3,0,0
Luz Martinez-Lucas,11,11,1,1,1,1
Chang Liu,11,11,2,2,0,0
Stephanie L. Fowler,11,11,1,1,1,1
Hamed Nikfarjam,11,11,2,2,0,0
Athresh Karanam,11,11,1,1,1,1
Brandon Nunley,11,11,1,1,1,1
AVIJIT BERA,11,11,2,2,0,0
Allan C. Mathew,11,11,1,1,1,1
Adil Khan,11,11,1,1,1,1
Federico Ferrero,11,8,2,2,0,0
Wei Li,10,4,1,1,0,0
Kathryn Evans,10,5,2,1,0,0
Torrie A. Cropps,10,10,2,2,0,0
Yi-Hui Lee,10,10,2,2,0,0
Yuzhe Ou,10,10,2,2,0,0
Esha Bangar,10,10,2,2,0,0
Dhanush Bhamitipadi Suresh,10,10,3,3,0,0
Shailendra Koirala,10,10,2,2,0,0
Runyu Zhang,10,10,1,1,0,0
Kun Qian,10,10,1,1,1,1
SAHIL DHOKED,10,10,1,1,0,0
Sadaf MD Halim,10,10,1,1,0,0
Ziyuan Ma,10,10,2,2,0,0
Shuang Qi,10,10,1,1,1,1
Shamman Noor Shoudha,9,9,2,2,0,0
Erin Greer,9,5,2,1,0,0
Sonali Poudel,9,9,1,1,0,0
Youngseok Yoon,9,9,2,2,0,0
Paulo Cavallo,9,9,2,2,0,0
AKASH ROY,9,9,2,2,0,0
Sachin Giri,9,9,1,1,0,0
Tzu-Chen Lung,9,9,2,2,0,0
Harshpreet Singh Bakshi,9,9,2,2,0,0
Ali N. Salman,9,9,2,2,0,0
Rippudaman Singh,9,0,1,0,0,0
Kara Peak,9,9,2,2,0,0
Jiarui Wei,9,9,1,1,0,0
Zach Stallbohm,8,8,1,1,0,0
John M Perish,8,4,2,1,0,0
Bahareh Kianpour,8,8,2,2,0,0
Ning Bian,8,8,2,2,0,0
Rawad Alhashmi,8,8,1,1,0,0
Sennan Liu,8,8,1,1,0,0
Meena Manavazhahan,8,8,1,1,0,0
Robert Ahn,8,8,1,1,0,0
Dhanushka Rajapaksha,8,8,1,1,0,0
Omid Akhavan,8,6,2,2,0,0
Menitte Eroy,8,8,1,1,0,0
Ronald D. Dearing,7,0,1,0,0,0
Anvesh Samineni,7,3,2,1,0,0
Nicholas Walker,7,5,1,1,0,0
Nazim Ahmed,7,6,2,1,0,0
Aswin Krishna Gunasekaran,7,7,1,1,0,0
Yajat Pandya,7,7,2,2,0,0
Songyao Ren,7,7,1,1,0,0
Rajesh  Datta,7,7,1,1,0,0
Siwen Yan,7,7,2,2,0,0
Shanjida Khatun,7,4,1,1,0,0
Sheila Renee Meldrum,7,7,1,1,0,0
Shivvrat Arya,7,7,1,1,0,0
Mahmoud Zamani,7,7,1,1,0,0
Mohammad Amin Farzaneh,7,7,2,2,0,0
Gaurav Shekhar,7,7,2,2,0,0
Rasoul Ramezani,7,7,1,1,0,0
Dhruvkumar Patel,7,7,2,2,0,0
Zachary W. Castillo,7,7,1,1,0,0
Lucas Goncalves,7,7,2,2,0,0
Kevin C. Lutz,7,7,2,2,0,0
Mahsa Shekarnoush,7,7,1,1,0,0
Arian Azizi,7,7,2,2,0,0
Grady Kathondo Mukubwa,7,7,2,2,0,0
Fangying Chen,7,7,2,2,0,0
Chinthak Murali,7,6,2,2,0,0
Danial Kazemikia,7,7,1,1,0,0
Anil Jakkam,6,6,1,1,0,0
Yogeshwara Krishnan,6,2,1,1,0,0
Vatsal Maru,6,6,2,2,0,0
Rupei Xu,6,6,2,2,0,0
Andrea Vidal,6,6,2,2,0,0
Pinky Kapoor,6,6,2,2,0,0
Tanmay Vakare,6,6,1,1,0,0
Aaron M. Tate,6,6,1,1,0,0
Juned Shaikh,6,6,2,2,0,0
Hirofumi Nishi,6,6,1,1,0,0
Sk Nayemuzzaman,6,6,2,2,0,0
Roopa Vinay,6,6,2,2,0,0
Amir Najian,5,3,1,1,0,0
Shweta Jagdale,5,5,2,2,0,0
Peng Cheng,5,5,2,2,0,0
Hamida Khatri,5,5,1,1,0,0
Minjong Lee,5,5,1,1,0,0
Yu-Yen Chung,5,5,1,1,0,0
Manpreet Sirswal,5,5,1,1,0,0
Mohammadreza Haghpanah,5,5,1,1,0,0
Dominique N. James,5,5,1,1,0,0
Heeseung Andrew Lee,5,5,1,1,0,0
Chao Lu,5,5,1,1,0,0
Rhiza Lyne E. Villones,5,5,1,1,0,0
Shahab Shams,4,4,1,1,0,0
Devesh Kumar,4,4,1,1,0,0
Girija Godbole,4,4,1,1,0,0
Jigarkumar S Patel,4,3,1,1,0,0
Michaella Walton,4,4,1,1,0,0
Emily T. Levy,4,4,1,1,0,0
Sourabh Bodkhe,4,2,1,1,0,0
Aakash Gadh,4,4,1,1,0,0
ISAIAH ODEYEMI,4,4,1,1,0,0
Upeksha Dissanayake,4,4,1,1,0,0
Tania M D'Souza,4,4,1,1,0,0
Saishashank Konduri,4,4,1,1,0,0
Ayush Arunachalam,4,4,1,1,0,0
Dohyo Jeong,4,4,1,1,0,0
Haimanti Majumder,4,4,2,2,0,0
Saikat Ghosh,4,4,1,1,0,0
Nosakhare Igie,4,4,1,1,0,0
Camila Morales,4,4,1,1,0,0
Narendra Gangwani,4,4,1,1,0,0
Sanjay Das,4,4,2,2,0,0
Ningna Wang,4,4,2,2,0,0
Ram Prasath P,3,0,1,0,0,0
Shashank Tripathi,3,3,1,1,0,0
Deepika Neethirajan,3,3,1,1,0,0
Kaitlyn Malley,3,3,1,1,0,0
Kishore MN,3,3,1,1,0,0
Chikadibia Ihejimba,3,3,1,1,0,0
Abdoulaye Thiam,3,3,1,1,0,0
Goutham Takasi,3,3,1,1,0,0
Yuko Tamaoki,3,3,1,1,0,0
Wenqing Wang,3,3,1,1,0,0
Kent Seaver,3,3,1,1,0,0
Rebecca Chase,3,3,1,1,0,0
YING ZHOU,3,3,1,1,0,0
Pedro Emanuel Rocha-Flores,3,3,1,1,0,0
Saquib Irtiza,3,3,1,1,0,0
Kai Jiang,3,3,1,1,0,0
Yen-Ting Liu,3,3,1,1,0,0
Honglin Li,3,3,1,1,0,0
Saeed Rahmanian Koshkaki,3,3,1,1,0,0
Sneha Kumari,3,3,1,1,0,0
Zhouxiang Wu,3,3,1,1,0,0
Nosheen Afroz,3,3,1,1,0,0
Leah N. Thompson,3,3,1,1,0,0
Lingling Shi,3,3,1,1,0,0
karthik kakaraparthy,3,3,1,1,0,0
Kayla Caughlin,3,3,1,1,0,0
Rajesh Somavarapu,2,0,1,0,0,0
Ajaya Babu Paudel,2,2,1,1,0,0
Divya Subramanian,2,1,1,1,0,0
Roger Han,2,2,1,1,0,0
Ahmed M. Mohamed,2,2,1,1,0,0
Neall Pogue,2,2,1,1,0,0
Caleb Fung,2,2,1,1,0,0
Rachael Affenit Hudson,2,2,1,1,0,0
Ajay kumar Adha,2,2,1,1,0,0
Hongyao Huang,2,2,1,1,0,0
Pritom Das Radheshyam,2,2,1,1,0,0
Md Fiaz Islam Bhuiyan,2,2,1,1,0,0
Katherine Davies,2,2,1,1,0,0
Parth Sabhadiya,2,2,1,1,0,0
Anupam Gupta,2,2,1,1,0,0
Vibha Belavadi,2,2,1,1,0,0
Suyash Bahrani,2,2,1,1,0,0
Yaswanth Yadlapalli,2,2,1,1,0,0
Charles Averill,2,2,1,1,0,0
Shivank Garg,2,0,1,0,0,0
Muktan Patel,2,2,1,1,0,0
Ali Mozumder,2,2,1,1,0,0
James S. Norcross,2,2,1,1,0,0
Anthony J. Monroe,2,2,1,1,0,0
Liz Valeria Mogas,2,2,1,1,0,0
Thanthirige Lakshika Maduwanthi Ruberu,2,2,1,1,0,0
Shu Deng,2,2,1,1,0,0
Christopher Garza,2,2,1,1,0,0
Yatharth Singhal,2,2,1,1,0,0
Fateme Darvishvand,2,2,1,1,0,0
Christopher Nguyen,2,2,1,1,0,0
Jianan Li,2,2,1,1,0,0
Kirthy Kolluri,2,2,1,1,0,0
Pratik Koppikar,2,2,1,1,0,0
Daniel D. Leister,2,2,1,1,0,0
ANDRES RICARDO SANCHEZ DE LA ROSA,2,2,1,1,0,0
Zenong Zhang,2,2,1,1,0,0
Kevin Alan Wells,1,1,1,1,0,0
Mithul Mathivanan,1,1,1,1,0,0
Elizabeth A. Berger,1,0,1,0,0,0
Rafsan Mahin,1,1,1,1,0,0
Benjamin J Lima,1,1,1,1,0,0
Sungju Park,1,1,1,1,0,0
Angela Rodriguez Mooney,1,1,1,1,0,0
Sonam Lama,1,1,1,1,0,0
Kevin Fernandes,1,1,1,1,0,0
Rhea D'Souza,1,1,1,1,0,0
Dat Quoc Ngo,1,1,1,1,0,0
Matthew Knodell,1,1,1,1,0,0
Ashan Wettasinghe,1,1,1,1,0,0
Pooneh Mousavi,1,1,1,1,0,0
Abhishek Rajendra Prasad,1,1,1,1,0,0
Fatih Gelir,1,1,1,1,0,0
Arun Kumar Rout,1,1,1,1,0,0
Sanatan Shrivastava,1,1,1,1,0,0
Jessi Hanson-DeFusco,1,1,1,1,0,0
Pravin Ghorpade,1,1,1,1,0,0
Nathan Ellsworth,1,1,1,1,0,0
Richard Noeske,1,1,1,1,0,0
Ayush Bhardwaj,1,1,1,1,0,0
Yu Chen,1,1,1,1,0,0
Vrushaly Shinglot,1,1,1,1,0,0
Abdullahi Olapojoye,1,1,1,1,0,0
Jeff Young,1,1,1,1,0,0
Emma Fowler,1,1,1,1,0,0
Rohith Peddi,1,1,1,1,0,0
Minjung Lee,1,1,1,1,0,0
Samit Shahnawaz Miftah,1,1,1,0,0
Emmanuel Adehunoluwa,1,1,1,0,0

